user_index,Unnamed: 0,timestamp,http_method,url,api_endpoint,header,data,request_body_size,response_body_size,response_status,execution_time,user_type,data_type,data_valid,seq_valid
0,0,2025-02-20 12:41:40,GET,http://47.97.114.24:5230/,/,"{'User-Agent': 'python-requests/2.32.3', 'Accept-Encoding': 'gzip, deflate, zstd', 'Accept': '*/*', 'Connection': 'keep-alive', 'Content-Length': '2', 'Content-Type': 'application/json'}",,2,909,200,33.461,0,0,True,True
0,1,2025-02-20 12:41:40,GET,http://47.97.114.24:5230/explore,/explore,"{'User-Agent': 'python-requests/2.32.3', 'Accept-Encoding': 'gzip, deflate, zstd', 'Accept': '*/*', 'Connection': 'keep-alive', 'Content-Length': '2', 'Content-Type': 'application/json'}",,2,909,200,33.196999999999996,0,0,True,True
0,2,2025-02-20 12:41:40,GET,http://47.97.114.24:5230/api/v1/memo/all?limit=20,/api/v1/memo/all,"{'User-Agent': 'python-requests/2.32.3', 'Accept-Encoding': 'gzip, deflate, zstd', 'Accept': '*/*', 'Connection': 'keep-alive', 'Content-Length': '2', 'Content-Type': 'application/json'}",,2,5923,200,31.707,0,0,True,True
0,3,2025-02-20 12:41:40,GET,http://47.97.114.24:5230/api/v1/memo?creatorUsername=userB&rowStatus=NORMAL&limit=20,/api/v1/memo,"{'User-Agent': 'python-requests/2.32.3', 'Accept-Encoding': 'gzip, deflate, zstd', 'Accept': '*/*', 'Connection': 'keep-alive', 'Content-Length': '2', 'Content-Type': 'application/json'}",,2,1648,200,31.635000000000005,0,0,True,True
0,4,2025-02-20 12:41:40,GET,http://47.97.114.24:5230/api/v1/user/name/userB,/api/v1/user/name/userB,"{'User-Agent': 'python-requests/2.32.3', 'Accept-Encoding': 'gzip, deflate, zstd', 'Accept': '*/*', 'Connection': 'keep-alive', 'Content-Length': '2', 'Content-Type': 'application/json'}",,2,229,200,32.069,0,0,True,True
0,5,2025-02-20 12:41:40,GET,http://47.97.114.24:5230/u/userA,/u/userA,"{'User-Agent': 'python-requests/2.32.3', 'Accept-Encoding': 'gzip, deflate, zstd', 'Accept': '*/*', 'Connection': 'keep-alive', 'Content-Length': '2', 'Content-Type': 'application/json'}",,2,909,200,26.736,0,0,True,True
0,6,2025-02-20 12:41:40,GET,http://47.97.114.24:5230/api/v1/memo/32,/api/v1/memo/32,"{'User-Agent': 'python-requests/2.32.3', 'Accept-Encoding': 'gzip, deflate, zstd', 'Accept': '*/*', 'Connection': 'keep-alive', 'Content-Length': '2', 'Content-Type': 'application/json'}",,2,407,200,28.076,0,0,True,True
0,7,2025-02-20 12:41:40,GET,http://47.97.114.24:5230/m/22,/m/22,"{'User-Agent': 'python-requests/2.32.3', 'Accept-Encoding': 'gzip, deflate, zstd', 'Accept': '*/*', 'Connection': 'keep-alive', 'Content-Length': '2', 'Content-Type': 'application/json'}",,2,909,200,34.041000000000004,0,0,True,True
0,8,2025-02-20 12:41:40,GET,http://47.97.114.24:5230/explore,/explore,"{'User-Agent': 'python-requests/2.32.3', 'Accept-Encoding': 'gzip, deflate, zstd', 'Accept': '*/*', 'Connection': 'keep-alive', 'Content-Length': '2', 'Content-Type': 'application/json'}",,2,909,200,28.587,0,0,True,True
0,9,2025-02-20 12:41:40,GET,http://47.97.114.24:5230/api/v1/memo/all?limit=20,/api/v1/memo/all,"{'User-Agent': 'python-requests/2.32.3', 'Accept-Encoding': 'gzip, deflate, zstd', 'Accept': '*/*', 'Connection': 'keep-alive', 'Content-Length': '2', 'Content-Type': 'application/json'}",,2,5923,200,29.207,0,0,True,True
0,10,2025-02-20 12:41:40,GET,http://47.97.114.24:5230/api/v1/memo?creatorUsername=userB&rowStatus=NORMAL&limit=20,/api/v1/memo,"{'User-Agent': 'python-requests/2.32.3', 'Accept-Encoding': 'gzip, deflate, zstd', 'Accept': '*/*', 'Connection': 'keep-alive', 'Content-Length': '2', 'Content-Type': 'application/json'}",,2,1648,200,28.133,0,0,True,True
0,11,2025-02-20 12:41:40,GET,http://47.97.114.24:5230/api/v1/user/name/userB,/api/v1/user/name/userB,"{'User-Agent': 'python-requests/2.32.3', 'Accept-Encoding': 'gzip, deflate, zstd', 'Accept': '*/*', 'Connection': 'keep-alive', 'Content-Length': '2', 'Content-Type': 'application/json'}",,2,229,200,35.496,0,0,True,True
0,12,2025-02-20 12:41:40,GET,http://47.97.114.24:5230/u/userA,/u/userA,"{'User-Agent': 'python-requests/2.32.3', 'Accept-Encoding': 'gzip, deflate, zstd', 'Accept': '*/*', 'Connection': 'keep-alive', 'Content-Length': '2', 'Content-Type': 'application/json'}",,2,909,200,31.919000000000004,0,0,True,True
1,13,2025-02-20 12:41:50,GET,http://47.97.114.24:5230/,/,"{'User-Agent': 'python-requests/2.32.3', 'Accept-Encoding': 'gzip, deflate, zstd', 'Accept': '*/*', 'Connection': 'keep-alive', 'Cookie': 'memos.access-token=eyJhbGciOiJIUzI1NiIsImtpZCI6InYxIiwidHlwIjoiSldUIn0.eyJuYW1lIjoidXNlckMiLCJpc3MiOiJtZW1vcyIsInN1YiI6IjQiLCJhdWQiOlsidXNlci5hY2Nlc3MtdG9rZW4iXSwiZXhwIjoxNzQwNjYwMTA1LCJpYXQiOjE3NDAwNTUzMDV9.DP81KsZNJThE2heSOvFNlks8ZjdTbMgx9jfxp5BrzAo', 'Content-Length': '2', 'Content-Type': 'application/json'}",,2,909,200,26.891000000000002,1,0,True,True
1,14,2025-02-20 12:41:50,GET,http://47.97.114.24:5230/explore,/explore,"{'User-Agent': 'python-requests/2.32.3', 'Accept-Encoding': 'gzip, deflate, zstd', 'Accept': '*/*', 'Connection': 'keep-alive', 'Cookie': 'memos.access-token=eyJhbGciOiJIUzI1NiIsImtpZCI6InYxIiwidHlwIjoiSldUIn0.eyJuYW1lIjoidXNlckMiLCJpc3MiOiJtZW1vcyIsInN1YiI6IjQiLCJhdWQiOlsidXNlci5hY2Nlc3MtdG9rZW4iXSwiZXhwIjoxNzQwNjYwMTA1LCJpYXQiOjE3NDAwNTUzMDV9.DP81KsZNJThE2heSOvFNlks8ZjdTbMgx9jfxp5BrzAo', 'Content-Length': '2', 'Content-Type': 'application/json'}",,2,909,200,29.267999999999997,1,0,True,True
1,15,2025-02-20 12:41:50,GET,http://47.97.114.24:5230/api/v1/memo/all?limit=20,/api/v1/memo/all,"{'User-Agent': 'python-requests/2.32.3', 'Accept-Encoding': 'gzip, deflate, zstd', 'Accept': '*/*', 'Connection': 'keep-alive', 'Cookie': 'memos.access-token=eyJhbGciOiJIUzI1NiIsImtpZCI6InYxIiwidHlwIjoiSldUIn0.eyJuYW1lIjoidXNlckMiLCJpc3MiOiJtZW1vcyIsInN1YiI6IjQiLCJhdWQiOlsidXNlci5hY2Nlc3MtdG9rZW4iXSwiZXhwIjoxNzQwNjYwMTA1LCJpYXQiOjE3NDAwNTUzMDV9.DP81KsZNJThE2heSOvFNlks8ZjdTbMgx9jfxp5BrzAo', 'Content-Length': '2', 'Content-Type': 'application/json'}",,2,7582,200,29.153,1,0,True,True
1,16,2025-02-20 12:41:50,GET,http://47.97.114.24:5230/api/v1/memo?creatorUsername=userB&rowStatus=ARCHIVED&limit=20,/api/v1/memo,"{'User-Agent': 'python-requests/2.32.3', 'Accept-Encoding': 'gzip, deflate, zstd', 'Accept': '*/*', 'Connection': 'keep-alive', 'Cookie': 'memos.access-token=eyJhbGciOiJIUzI1NiIsImtpZCI6InYxIiwidHlwIjoiSldUIn0.eyJuYW1lIjoidXNlckMiLCJpc3MiOiJtZW1vcyIsInN1YiI6IjQiLCJhdWQiOlsidXNlci5hY2Nlc3MtdG9rZW4iXSwiZXhwIjoxNzQwNjYwMTA1LCJpYXQiOjE3NDAwNTUzMDV9.DP81KsZNJThE2heSOvFNlks8ZjdTbMgx9jfxp5BrzAo', 'Content-Length': '2', 'Content-Type': 'application/json'}",,2,706,200,32.799,1,0,True,True
1,17,2025-02-20 12:41:50,POST,http://47.97.114.24:5230/api/v1/memo,/api/v1/memo,"{'User-Agent': 'python-requests/2.32.3', 'Accept-Encoding': 'gzip, deflate, zstd', 'Accept': '*/*', 'Connection': 'keep-alive', 'Cookie': 'memos.access-token=eyJhbGciOiJIUzI1NiIsImtpZCI6InYxIiwidHlwIjoiSldUIn0.eyJuYW1lIjoidXNlckMiLCJpc3MiOiJtZW1vcyIsInN1YiI6IjQiLCJhdWQiOlsidXNlci5hY2Nlc3MtdG9rZW4iXSwiZXhwIjoxNzQwNjYwMTA1LCJpYXQiOjE3NDAwNTUzMDV9.DP81KsZNJThE2heSOvFNlks8ZjdTbMgx9jfxp5BrzAo', 'Content-Length': '98', 'Content-Type': 'application/json'}","{'content': 'B1', 'visibility': 'PRIVATE', 'resourceIdList': [], 'relationList': []}",98,318,200,36.032000000000004,1,0,True,True
1,18,2025-02-20 12:41:50,POST,http://47.97.114.24:5230/api/v1/tag,/api/v1/tag,"{'User-Agent': 'python-requests/2.32.3', 'Accept-Encoding': 'gzip, deflate, zstd', 'Accept': '*/*', 'Connection': 'keep-alive', 'Cookie': 'memos.access-token=eyJhbGciOiJIUzI1NiIsImtpZCI6InYxIiwidHlwIjoiSldUIn0.eyJuYW1lIjoidXNlckMiLCJpc3MiOiJtZW1vcyIsInN1YiI6IjQiLCJhdWQiOlsidXNlci5hY2Nlc3MtdG9rZW4iXSwiZXhwIjoxNzQwNjYwMTA1LCJpYXQiOjE3NDAwNTUzMDV9.DP81KsZNJThE2heSOvFNlks8ZjdTbMgx9jfxp5BrzAo', 'Content-Length': '15', 'Content-Type': 'application/json'}",{'name': 'HaHa'},15,6,200,35.68000000000001,1,0,True,True
1,19,2025-02-20 12:41:50,POST,http://47.97.114.24:5230/api/v1/user/setting,/api/v1/user/setting,"{'User-Agent': 'python-requests/2.32.3', 'Accept-Encoding': 'gzip, deflate, zstd', 'Accept': '*/*', 'Connection': 'keep-alive', 'Cookie': 'memos.access-token=eyJhbGciOiJIUzI1NiIsImtpZCI6InYxIiwidHlwIjoiSldUIn0.eyJuYW1lIjoidXNlckMiLCJpc3MiOiJtZW1vcyIsInN1YiI6IjQiLCJhdWQiOlsidXNlci5hY2Nlc3MtdG9rZW4iXSwiZXhwIjoxNzQwNjYwMTA1LCJpYXQiOjE3NDAwNTUzMDV9.DP81KsZNJThE2heSOvFNlks8ZjdTbMgx9jfxp5BrzAo', 'Content-Length': '49', 'Content-Type': 'application/json'}","{'key': 'telegram-user-id', 'value': '""""'}",47,71,200,34.875,1,0,True,True
1,20,2025-02-20 12:41:50,GET,http://47.97.114.24:5230/review,/review,"{'User-Agent': 'python-requests/2.32.3', 'Accept-Encoding': 'gzip, deflate, zstd', 'Accept': '*/*', 'Connection': 'keep-alive', 'Cookie': 'memos.access-token=eyJhbGciOiJIUzI1NiIsImtpZCI6InYxIiwidHlwIjoiSldUIn0.eyJuYW1lIjoidXNlckMiLCJpc3MiOiJtZW1vcyIsInN1YiI6IjQiLCJhdWQiOlsidXNlci5hY2Nlc3MtdG9rZW4iXSwiZXhwIjoxNzQwNjYwMTA1LCJpYXQiOjE3NDAwNTUzMDV9.DP81KsZNJThE2heSOvFNlks8ZjdTbMgx9jfxp5BrzAo', 'Content-Length': '2', 'Content-Type': 'application/json'}",,2,909,200,30.917,1,0,True,True
1,21,2025-02-20 12:41:50,GET,http://47.97.114.24:5230/resources,/resources,"{'User-Agent': 'python-requests/2.32.3', 'Accept-Encoding': 'gzip, deflate, zstd', 'Accept': '*/*', 'Connection': 'keep-alive', 'Cookie': 'memos.access-token=eyJhbGciOiJIUzI1NiIsImtpZCI6InYxIiwidHlwIjoiSldUIn0.eyJuYW1lIjoidXNlckMiLCJpc3MiOiJtZW1vcyIsInN1YiI6IjQiLCJhdWQiOlsidXNlci5hY2Nlc3MtdG9rZW4iXSwiZXhwIjoxNzQwNjYwMTA1LCJpYXQiOjE3NDAwNTUzMDV9.DP81KsZNJThE2heSOvFNlks8ZjdTbMgx9jfxp5BrzAo', 'Content-Length': '2', 'Content-Type': 'application/json'}",,2,909,200,34.855,1,0,True,True
1,22,2025-02-20 12:41:50,GET,http://47.97.114.24:5230/api/v1/resource?limit=20,/api/v1/resource,"{'User-Agent': 'python-requests/2.32.3', 'Accept-Encoding': 'gzip, deflate, zstd', 'Accept': '*/*', 'Connection': 'keep-alive', 'Cookie': 'memos.access-token=eyJhbGciOiJIUzI1NiIsImtpZCI6InYxIiwidHlwIjoiSldUIn0.eyJuYW1lIjoidXNlckMiLCJpc3MiOiJtZW1vcyIsInN1YiI6IjQiLCJhdWQiOlsidXNlci5hY2Nlc3MtdG9rZW4iXSwiZXhwIjoxNzQwNjYwMTA1LCJpYXQiOjE3NDAwNTUzMDV9.DP81KsZNJThE2heSOvFNlks8ZjdTbMgx9jfxp5BrzAo', 'Content-Length': '2', 'Content-Type': 'application/json'}",,2,1665,200,29.892,1,0,True,True
1,23,2025-02-20 12:41:50,POST,http://47.97.114.24:5230/api/v1/resource,/api/v1/resource,"{'User-Agent': 'python-requests/2.32.3', 'Accept-Encoding': 'gzip, deflate, zstd', 'Accept': '*/*', 'Connection': 'keep-alive', 'Cookie': 'memos.access-token=eyJhbGciOiJIUzI1NiIsImtpZCI6InYxIiwidHlwIjoiSldUIn0.eyJuYW1lIjoidXNlckMiLCJpc3MiOiJtZW1vcyIsInN1YiI6IjQiLCJhdWQiOlsidXNlci5hY2Nlc3MtdG9rZW4iXSwiZXhwIjoxNzQwNjYwMTA1LCJpYXQiOjE3NDAwNTUzMDV9.DP81KsZNJThE2heSOvFNlks8ZjdTbMgx9jfxp5BrzAo', 'Content-Length': '84', 'Content-Type': 'application/json'}","{'filename': 'aa', 'externalLink': None, 'type': 'image/*', 'downloadToLocal': None}",84,187,200,38.178999999999995,1,0,True,True
1,24,2025-02-20 12:41:50,GET,http://47.97.114.24:5230/api/v1/system/setting,/api/v1/system/setting,"{'User-Agent': 'python-requests/2.32.3', 'Accept-Encoding': 'gzip, deflate, zstd', 'Accept': '*/*', 'Connection': 'keep-alive', 'Cookie': 'memos.access-token=eyJhbGciOiJIUzI1NiIsImtpZCI6InYxIiwidHlwIjoiSldUIn0.eyJuYW1lIjoidXNlckMiLCJpc3MiOiJtZW1vcyIsInN1YiI6IjQiLCJhdWQiOlsidXNlci5hY2Nlc3MtdG9rZW4iXSwiZXhwIjoxNzQwNjYwMTA1LCJpYXQiOjE3NDAwNTUzMDV9.DP81KsZNJThE2heSOvFNlks8ZjdTbMgx9jfxp5BrzAo', 'Content-Length': '2', 'Content-Type': 'application/json'}",,2,77,401,31.627000000000002,1,1,True,True
1,25,2025-02-20 12:41:50,POST,http://47.97.114.24:5230/api/v1/system/setting,/api/v1/system/setting,"{'User-Agent': 'python-requests/2.32.3', 'Accept-Encoding': 'gzip, deflate, zstd', 'Accept': '*/*', 'Connection': 'keep-alive', 'Cookie': 'memos.access-token=eyJhbGciOiJIUzI1NiIsImtpZCI6InYxIiwidHlwIjoiSldUIn0.eyJuYW1lIjoidXNlckMiLCJpc3MiOiJtZW1vcyIsInN1YiI6IjQiLCJhdWQiOlsidXNlci5hY2Nlc3MtdG9rZW4iXSwiZXhwIjoxNzQwNjYwMTA1LCJpYXQiOjE3NDAwNTUzMDV9.DP81KsZNJThE2heSOvFNlks8ZjdTbMgx9jfxp5BrzAo', 'Content-Length': '46', 'Content-Type': 'application/json'}","{'name': 'additional-style', 'value': '""assets/{timestamp}_{filename}""'}",46,77,401,36.364,1,1,True,True
1,26,2025-02-20 12:41:50,POST,http://47.97.114.24:5230/api/v1/user,/api/v1/user,"{'User-Agent': 'python-requests/2.32.3', 'Accept-Encoding': 'gzip, deflate, zstd', 'Accept': '*/*', 'Connection': 'keep-alive', 'Cookie': 'memos.access-token=eyJhbGciOiJIUzI1NiIsImtpZCI6InYxIiwidHlwIjoiSldUIn0.eyJuYW1lIjoidXNlckMiLCJpc3MiOiJtZW1vcyIsInN1YiI6IjQiLCJhdWQiOlsidXNlci5hY2Nlc3MtdG9rZW4iXSwiZXhwIjoxNzQwNjYwMTA1LCJpYXQiOjE3NDAwNTUzMDV9.DP81KsZNJThE2heSOvFNlks8ZjdTbMgx9jfxp5BrzAo', 'Content-Length': '55', 'Content-Type': 'application/json'}","{'username': 'new', 'password': None, 'role': 'USER'}",55,107,401,29.758,1,1,True,True
1,27,2025-02-20 12:41:50,DELETE,http://47.97.114.24:5230/api/v1/memo/30,/api/v1/memo/30,"{'User-Agent': 'python-requests/2.32.3', 'Accept-Encoding': 'gzip, deflate, zstd', 'Accept': '*/*', 'Connection': 'keep-alive', 'Cookie': 'memos.access-token=eyJhbGciOiJIUzI1NiIsImtpZCI6InYxIiwidHlwIjoiSldUIn0.eyJuYW1lIjoidXNlckMiLCJpc3MiOiJtZW1vcyIsInN1YiI6IjQiLCJhdWQiOlsidXNlci5hY2Nlc3MtdG9rZW4iXSwiZXhwIjoxNzQwNjYwMTA1LCJpYXQiOjE3NDAwNTUzMDV9.DP81KsZNJThE2heSOvFNlks8ZjdTbMgx9jfxp5BrzAo', 'Content-Length': '2', 'Content-Type': 'application/json'}",,2,89,404,34.806,1,1,True,True
2,28,2025-02-20 12:41:50,GET,http://47.97.114.24:5230/,/,"{'User-Agent': 'python-requests/2.32.3', 'Accept-Encoding': 'gzip, deflate, zstd', 'Accept': '*/*', 'Connection': 'keep-alive', 'Content-Length': '2', 'Content-Type': 'application/json'}",,2,909,200,28.559,1,0,True,False
2,29,2025-02-20 12:41:50,GET,http://47.97.114.24:5230/explore,/explore,"{'User-Agent': 'python-requests/2.32.3', 'Accept-Encoding': 'gzip, deflate, zstd', 'Accept': '*/*', 'Connection': 'keep-alive', 'Content-Length': '2', 'Content-Type': 'application/json'}",,2,909,200,31.176,1,0,True,False
2,30,2025-02-20 12:41:51,GET,http://47.97.114.24:5230/api/v1/memo/all?limit=20,/api/v1/memo/all,"{'User-Agent': 'python-requests/2.32.3', 'Accept-Encoding': 'gzip, deflate, zstd', 'Accept': '*/*', 'Connection': 'keep-alive', 'Content-Length': '2', 'Content-Type': 'application/json'}",,2,5923,200,33.174,1,0,True,False
2,31,2025-02-20 12:41:51,GET,http://47.97.114.24:5230/api/v1/memo?creatorUsername=userA&rowStatus=NORMAL&limit=20,/api/v1/memo,"{'User-Agent': 'python-requests/2.32.3', 'Accept-Encoding': 'gzip, deflate, zstd', 'Accept': '*/*', 'Connection': 'keep-alive', 'Content-Length': '2', 'Content-Type': 'application/json'}",,2,1027,200,31.985,1,0,True,False
2,32,2025-02-20 12:41:51,GET,http://47.97.114.24:5230/api/v1/user/name/userA,/api/v1/user/name/userA,"{'User-Agent': 'python-requests/2.32.3', 'Accept-Encoding': 'gzip, deflate, zstd', 'Accept': '*/*', 'Connection': 'keep-alive', 'Content-Length': '2', 'Content-Type': 'application/json'}",,2,238,200,26.095,1,0,True,False
2,33,2025-02-20 12:41:51,GET,http://47.97.114.24:5230/u/userA,/u/userA,"{'User-Agent': 'python-requests/2.32.3', 'Accept-Encoding': 'gzip, deflate, zstd', 'Accept': '*/*', 'Connection': 'keep-alive', 'Content-Length': '2', 'Content-Type': 'application/json'}",,2,909,200,27.949,1,0,True,False
2,34,2025-02-20 12:41:51,GET,http://47.97.114.24:5230/api/v1/memo/20,/api/v1/memo/20,"{'User-Agent': 'python-requests/2.32.3', 'Accept-Encoding': 'gzip, deflate, zstd', 'Accept': '*/*', 'Connection': 'keep-alive', 'Content-Length': '2', 'Content-Type': 'application/json'}",,2,306,200,34.2,1,0,True,False
2,35,2025-02-20 12:41:51,GET,http://47.97.114.24:5230/m/17,/m/17,"{'User-Agent': 'python-requests/2.32.3', 'Accept-Encoding': 'gzip, deflate, zstd', 'Accept': '*/*', 'Connection': 'keep-alive', 'Content-Length': '2', 'Content-Type': 'application/json'}",,2,909,200,32.047,1,0,True,False
2,36,2025-02-20 12:41:51,POST,http://47.97.114.24:5230/api/v1/memo,/api/v1/memo,"{'User-Agent': 'python-requests/2.32.3', 'Accept-Encoding': 'gzip, deflate, zstd', 'Accept': '*/*', 'Connection': 'keep-alive', 'Content-Length': '86', 'Content-Type': 'application/json'}","{'content': 'B1', 'visibility': 'PRIVATE', 'resourceIdList': [], 'relationList': []}",86,93,401,30.048,1,1,True,False
2,37,2025-02-20 12:41:51,POST,http://47.97.114.24:5230/api/v1/tag,/api/v1/tag,"{'User-Agent': 'python-requests/2.32.3', 'Accept-Encoding': 'gzip, deflate, zstd', 'Accept': '*/*', 'Connection': 'keep-alive', 'Content-Length': '16', 'Content-Type': 'application/json'}",{'name': 'HaHa'},16,93,401,28.195,1,1,True,False
2,38,2025-02-20 12:41:51,GET,http://47.97.114.24:5230/resources,/resources,"{'User-Agent': 'python-requests/2.32.3', 'Accept-Encoding': 'gzip, deflate, zstd', 'Accept': '*/*', 'Connection': 'keep-alive', 'Content-Length': '2', 'Content-Type': 'application/json'}",,2,909,200,33.359,1,0,True,False
2,39,2025-02-20 12:41:51,GET,http://47.97.114.24:5230/api/v1/resource?limit=20,/api/v1/resource,"{'User-Agent': 'python-requests/2.32.3', 'Accept-Encoding': 'gzip, deflate, zstd', 'Accept': '*/*', 'Connection': 'keep-alive', 'Content-Length': '2', 'Content-Type': 'application/json'}",,2,93,401,30.938,1,0,False,False
2,40,2025-02-20 12:41:51,GET,http://47.97.114.24:5230/o/r/15,/o/r/15,"{'User-Agent': 'python-requests/2.32.3', 'Accept-Encoding': 'gzip, deflate, zstd', 'Accept': '*/*', 'Connection': 'keep-alive', 'Content-Length': '2', 'Content-Type': 'application/json'}",,2,909,200,34.545,1,0,True,False
2,41,2025-02-20 12:41:51,POST,http://47.97.114.24:5230/api/v1/user/setting,/api/v1/user/setting,"{'User-Agent': 'python-requests/2.32.3', 'Accept-Encoding': 'gzip, deflate, zstd', 'Accept': '*/*', 'Connection': 'keep-alive', 'Content-Length': '44', 'Content-Type': 'application/json'}","{'key': 'telegram-user-id', 'value': '""""'}",42,93,401,31.139,1,1,True,False
2,42,2025-02-20 12:41:51,POST,http://47.97.114.24:5230/api/v1/system/setting,/api/v1/system/setting,"{'User-Agent': 'python-requests/2.32.3', 'Accept-Encoding': 'gzip, deflate, zstd', 'Accept': '*/*', 'Connection': 'keep-alive', 'Content-Length': '45', 'Content-Type': 'application/json'}","{'name': 'additional-style', 'value': '""assets/{timestamp}_{filename}""'}",43,93,401,38.015,1,1,True,False
3,43,2025-02-20 12:41:59,GET,http://47.97.114.24:5230/,/,"{'User-Agent': 'python-requests/2.32.3', 'Accept-Encoding': 'gzip, deflate, zstd', 'Accept': '*/*', 'Connection': 'keep-alive', 'Cookie': 'memos.access-token=eyJhbGciOiJIUzI1NiIsImtpZCI6InYxIiwidHlwIjoiSldUIn0.eyJuYW1lIjoiYWRtaW4iLCJpc3MiOiJtZW1vcyIsInN1YiI6IjEiLCJhdWQiOlsidXNlci5hY2Nlc3MtdG9rZW4iXSwiZXhwIjoxNzQwNjYwMTE0LCJpYXQiOjE3NDAwNTUzMTR9.5P_kVK5HeY9btQUsJoptCYJI__7H-w4Oa2wTk_WPLjY', 'Content-Length': '2', 'Content-Type': 'application/json'}",,2,909,200,28.68,0,0,True,False
3,44,2025-02-20 12:41:59,GET,http://47.97.114.24:5230/api/v1/system/setting,/api/v1/system/setting,"{'User-Agent': 'python-requests/2.32.3', 'Accept-Encoding': 'gzip, deflate, zstd', 'Accept': '*/*', 'Connection': 'keep-alive', 'Cookie': 'memos.access-token=eyJhbGciOiJIUzI1NiIsImtpZCI6InYxIiwidHlwIjoiSldUIn0.eyJuYW1lIjoiYWRtaW4iLCJpc3MiOiJtZW1vcyIsInN1YiI6IjEiLCJhdWQiOlsidXNlci5hY2Nlc3MtdG9rZW4iXSwiZXhwIjoxNzQwNjYwMTE0LCJpYXQiOjE3NDAwNTUzMTR9.5P_kVK5HeY9btQUsJoptCYJI__7H-w4Oa2wTk_WPLjY', 'Content-Length': '2', 'Content-Type': 'application/json'}",,2,1242,200,26.950000000000003,0,0,True,False
3,45,2025-02-20 12:42:00,GET,http://47.97.114.24:5230/api/v1/storage,/api/v1/storage,"{'User-Agent': 'python-requests/2.32.3', 'Accept-Encoding': 'gzip, deflate, zstd', 'Accept': '*/*', 'Connection': 'keep-alive', 'Cookie': 'memos.access-token=eyJhbGciOiJIUzI1NiIsImtpZCI6InYxIiwidHlwIjoiSldUIn0.eyJuYW1lIjoiYWRtaW4iLCJpc3MiOiJtZW1vcyIsInN1YiI6IjEiLCJhdWQiOlsidXNlci5hY2Nlc3MtdG9rZW4iXSwiZXhwIjoxNzQwNjYwMTE0LCJpYXQiOjE3NDAwNTUzMTR9.5P_kVK5HeY9btQUsJoptCYJI__7H-w4Oa2wTk_WPLjY', 'Content-Length': '2', 'Content-Type': 'application/json'}",,2,3,200,29.298000000000002,0,0,True,False
3,46,2025-02-20 12:42:00,POST,http://47.97.114.24:5230/api/v1/user,/api/v1/user,"{'User-Agent': 'python-requests/2.32.3', 'Accept-Encoding': 'gzip, deflate, zstd', 'Accept': '*/*', 'Connection': 'keep-alive', 'Cookie': 'memos.access-token=eyJhbGciOiJIUzI1NiIsImtpZCI6InYxIiwidHlwIjoiSldUIn0.eyJuYW1lIjoiYWRtaW4iLCJpc3MiOiJtZW1vcyIsInN1YiI6IjEiLCJhdWQiOlsidXNlci5hY2Nlc3MtdG9rZW4iXSwiZXhwIjoxNzQwNjYwMTE0LCJpYXQiOjE3NDAwNTUzMTR9.5P_kVK5HeY9btQUsJoptCYJI__7H-w4Oa2wTk_WPLjY', 'Content-Length': '53', 'Content-Type': 'application/json'}","{'username': 'new', 'password': None, 'role': 'USER'}",53,158,400,29.24,0,0,False,False
3,47,2025-02-20 12:42:00,POST,http://47.97.114.24:5230/api/v1/memo,/api/v1/memo,"{'User-Agent': 'python-requests/2.32.3', 'Accept-Encoding': 'gzip, deflate, zstd', 'Accept': '*/*', 'Connection': 'keep-alive', 'Cookie': 'memos.access-token=eyJhbGciOiJIUzI1NiIsImtpZCI6InYxIiwidHlwIjoiSldUIn0.eyJuYW1lIjoiYWRtaW4iLCJpc3MiOiJtZW1vcyIsInN1YiI6IjEiLCJhdWQiOlsidXNlci5hY2Nlc3MtdG9rZW4iXSwiZXhwIjoxNzQwNjYwMTE0LCJpYXQiOjE3NDAwNTUzMTR9.5P_kVK5HeY9btQUsJoptCYJI__7H-w4Oa2wTk_WPLjY', 'Content-Length': '86', 'Content-Type': 'application/json'}","{'content': 'B1', 'visibility': 'PRIVATE', 'resourceIdList': [], 'relationList': []}",86,304,200,36.251,0,0,True,False
3,48,2025-02-20 12:42:00,POST,http://47.97.114.24:5230/api/v1/tag,/api/v1/tag,"{'User-Agent': 'python-requests/2.32.3', 'Accept-Encoding': 'gzip, deflate, zstd', 'Accept': '*/*', 'Connection': 'keep-alive', 'Cookie': 'memos.access-token=eyJhbGciOiJIUzI1NiIsImtpZCI6InYxIiwidHlwIjoiSldUIn0.eyJuYW1lIjoiYWRtaW4iLCJpc3MiOiJtZW1vcyIsInN1YiI6IjEiLCJhdWQiOlsidXNlci5hY2Nlc3MtdG9rZW4iXSwiZXhwIjoxNzQwNjYwMTE0LCJpYXQiOjE3NDAwNTUzMTR9.5P_kVK5HeY9btQUsJoptCYJI__7H-w4Oa2wTk_WPLjY', 'Content-Length': '16', 'Content-Type': 'application/json'}",{'name': 'HaHa'},16,7,200,35.705,0,0,True,False
3,49,2025-02-20 12:42:00,POST,http://47.97.114.24:5230/api/v1/user/setting,/api/v1/user/setting,"{'User-Agent': 'python-requests/2.32.3', 'Accept-Encoding': 'gzip, deflate, zstd', 'Accept': '*/*', 'Connection': 'keep-alive', 'Cookie': 'memos.access-token=eyJhbGciOiJIUzI1NiIsImtpZCI6InYxIiwidHlwIjoiSldUIn0.eyJuYW1lIjoiYWRtaW4iLCJpc3MiOiJtZW1vcyIsInN1YiI6IjEiLCJhdWQiOlsidXNlci5hY2Nlc3MtdG9rZW4iXSwiZXhwIjoxNzQwNjYwMTE0LCJpYXQiOjE3NDAwNTUzMTR9.5P_kVK5HeY9btQUsJoptCYJI__7H-w4Oa2wTk_WPLjY', 'Content-Length': '49', 'Content-Type': 'application/json'}","{'key': 'memo-visibility', 'value': '""PUBLIC""'}",47,71,200,33.234,0,0,True,False
3,50,2025-02-20 12:42:00,GET,http://47.97.114.24:5230/review,/review,"{'User-Agent': 'python-requests/2.32.3', 'Accept-Encoding': 'gzip, deflate, zstd', 'Accept': '*/*', 'Connection': 'keep-alive', 'Cookie': 'memos.access-token=eyJhbGciOiJIUzI1NiIsImtpZCI6InYxIiwidHlwIjoiSldUIn0.eyJuYW1lIjoiYWRtaW4iLCJpc3MiOiJtZW1vcyIsInN1YiI6IjEiLCJhdWQiOlsidXNlci5hY2Nlc3MtdG9rZW4iXSwiZXhwIjoxNzQwNjYwMTE0LCJpYXQiOjE3NDAwNTUzMTR9.5P_kVK5HeY9btQUsJoptCYJI__7H-w4Oa2wTk_WPLjY', 'Content-Length': '2', 'Content-Type': 'application/json'}",,2,909,200,35.116,0,0,True,False
3,51,2025-02-20 12:42:00,GET,http://47.97.114.24:5230/resources,/resources,"{'User-Agent': 'python-requests/2.32.3', 'Accept-Encoding': 'gzip, deflate, zstd', 'Accept': '*/*', 'Connection': 'keep-alive', 'Cookie': 'memos.access-token=eyJhbGciOiJIUzI1NiIsImtpZCI6InYxIiwidHlwIjoiSldUIn0.eyJuYW1lIjoiYWRtaW4iLCJpc3MiOiJtZW1vcyIsInN1YiI6IjEiLCJhdWQiOlsidXNlci5hY2Nlc3MtdG9rZW4iXSwiZXhwIjoxNzQwNjYwMTE0LCJpYXQiOjE3NDAwNTUzMTR9.5P_kVK5HeY9btQUsJoptCYJI__7H-w4Oa2wTk_WPLjY', 'Content-Length': '2', 'Content-Type': 'application/json'}",,2,909,200,34.657000000000004,0,0,True,False
3,52,2025-02-20 12:42:00,GET,http://47.97.114.24:5230/api/v1/resource?limit=20,/api/v1/resource,"{'User-Agent': 'python-requests/2.32.3', 'Accept-Encoding': 'gzip, deflate, zstd', 'Accept': '*/*', 'Connection': 'keep-alive', 'Cookie': 'memos.access-token=eyJhbGciOiJIUzI1NiIsImtpZCI6InYxIiwidHlwIjoiSldUIn0.eyJuYW1lIjoiYWRtaW4iLCJpc3MiOiJtZW1vcyIsInN1YiI6IjEiLCJhdWQiOlsidXNlci5hY2Nlc3MtdG9rZW4iXSwiZXhwIjoxNzQwNjYwMTE0LCJpYXQiOjE3NDAwNTUzMTR9.5P_kVK5HeY9btQUsJoptCYJI__7H-w4Oa2wTk_WPLjY', 'Content-Length': '2', 'Content-Type': 'application/json'}",,2,4868,200,31.102,0,0,True,False
3,53,2025-02-20 12:42:00,POST,http://47.97.114.24:5230/api/v1/resource,/api/v1/resource,"{'User-Agent': 'python-requests/2.32.3', 'Accept-Encoding': 'gzip, deflate, zstd', 'Accept': '*/*', 'Connection': 'keep-alive', 'Cookie': 'memos.access-token=eyJhbGciOiJIUzI1NiIsImtpZCI6InYxIiwidHlwIjoiSldUIn0.eyJuYW1lIjoiYWRtaW4iLCJpc3MiOiJtZW1vcyIsInN1YiI6IjEiLCJhdWQiOlsidXNlci5hY2Nlc3MtdG9rZW4iXSwiZXhwIjoxNzQwNjYwMTE0LCJpYXQiOjE3NDAwNTUzMTR9.5P_kVK5HeY9btQUsJoptCYJI__7H-w4Oa2wTk_WPLjY', 'Content-Length': '121', 'Content-Type': 'application/json'}","{'filename': 'abc', 'externalLink': 'http://47.97.114.24:5230/resources.png', 'type': 'text/*', 'downloadToLocal': False}",121,226,200,36.263,0,0,True,False
3,54,2025-02-20 12:42:00,GET,http://47.97.114.24:5230/api/v1/memo/28,/api/v1/memo/28,"{'User-Agent': 'python-requests/2.32.3', 'Accept-Encoding': 'gzip, deflate, zstd', 'Accept': '*/*', 'Connection': 'keep-alive', 'Cookie': 'memos.access-token=eyJhbGciOiJIUzI1NiIsImtpZCI6InYxIiwidHlwIjoiSldUIn0.eyJuYW1lIjoiYWRtaW4iLCJpc3MiOiJtZW1vcyIsInN1YiI6IjEiLCJhdWQiOlsidXNlci5hY2Nlc3MtdG9rZW4iXSwiZXhwIjoxNzQwNjYwMTE0LCJpYXQiOjE3NDAwNTUzMTR9.5P_kVK5HeY9btQUsJoptCYJI__7H-w4Oa2wTk_WPLjY', 'Content-Length': '2', 'Content-Type': 'application/json'}",,2,322,200,31.552999999999997,0,0,True,False
3,55,2025-02-20 12:42:00,GET,http://47.97.114.24:5230/m/18,/m/18,"{'User-Agent': 'python-requests/2.32.3', 'Accept-Encoding': 'gzip, deflate, zstd', 'Accept': '*/*', 'Connection': 'keep-alive', 'Cookie': 'memos.access-token=eyJhbGciOiJIUzI1NiIsImtpZCI6InYxIiwidHlwIjoiSldUIn0.eyJuYW1lIjoiYWRtaW4iLCJpc3MiOiJtZW1vcyIsInN1YiI6IjEiLCJhdWQiOlsidXNlci5hY2Nlc3MtdG9rZW4iXSwiZXhwIjoxNzQwNjYwMTE0LCJpYXQiOjE3NDAwNTUzMTR9.5P_kVK5HeY9btQUsJoptCYJI__7H-w4Oa2wTk_WPLjY', 'Content-Length': '2', 'Content-Type': 'application/json'}",,2,909,200,27.037,0,0,True,False
3,56,2025-02-20 12:42:01,GET,http://47.97.114.24:5230/u/userA,/u/userA,"{'User-Agent': 'python-requests/2.32.3', 'Accept-Encoding': 'gzip, deflate, zstd', 'Accept': '*/*', 'Connection': 'keep-alive', 'Cookie': 'memos.access-token=eyJhbGciOiJIUzI1NiIsImtpZCI6InYxIiwidHlwIjoiSldUIn0.eyJuYW1lIjoiYWRtaW4iLCJpc3MiOiJtZW1vcyIsInN1YiI6IjEiLCJhdWQiOlsidXNlci5hY2Nlc3MtdG9rZW4iXSwiZXhwIjoxNzQwNjYwMTE0LCJpYXQiOjE3NDAwNTUzMTR9.5P_kVK5HeY9btQUsJoptCYJI__7H-w4Oa2wTk_WPLjY', 'Content-Length': '2', 'Content-Type': 'application/json'}",,2,909,200,31.529,0,0,True,False
3,57,2025-02-20 12:42:01,POST,http://47.97.114.24:5230/api/v1/system/setting,/api/v1/system/setting,"{'User-Agent': 'python-requests/2.32.3', 'Accept-Encoding': 'gzip, deflate, zstd', 'Accept': '*/*', 'Connection': 'keep-alive', 'Cookie': 'memos.access-token=eyJhbGciOiJIUzI1NiIsImtpZCI6InYxIiwidHlwIjoiSldUIn0.eyJuYW1lIjoiYWRtaW4iLCJpc3MiOiJtZW1vcyIsInN1YiI6IjEiLCJhdWQiOlsidXNlci5hY2Nlc3MtdG9rZW4iXSwiZXhwIjoxNzQwNjYwMTE0LCJpYXQiOjE3NDAwNTUzMTR9.5P_kVK5HeY9btQUsJoptCYJI__7H-w4Oa2wTk_WPLjY', 'Content-Length': '74', 'Content-Type': 'application/json'}","{'name': 'additional-style', 'value': '""assets/{timestamp}_{filename}""'}",72,102,200,32.095,0,0,True,False
4,58,2025-02-20 12:42:09,GET,http://47.97.114.24:5230/,/,"{'User-Agent': 'python-requests/2.32.3', 'Accept-Encoding': 'gzip, deflate, zstd', 'Accept': '*/*', 'Connection': 'keep-alive', 'Cookie': 'memos.access-token=eyJhbGciOiJIUzI1NiIsImtpZCI6InYxIiwidHlwIjoiSldUIn0.eyJuYW1lIjoidXNlckEiLCJpc3MiOiJtZW1vcyIsInN1YiI6IjIiLCJhdWQiOlsidXNlci5hY2Nlc3MtdG9rZW4iXSwiZXhwIjoxNzQwNjYwMTI0LCJpYXQiOjE3NDAwNTUzMjR9.2OB-4lmvM_mrE9mBXpOcMpaBq6d2Ma7b3N6SXT7gkDo', 'Content-Length': '2', 'Content-Type': 'application/json'}",,2,909,200,29.35,0,0,True,True
4,59,2025-02-20 12:42:09,GET,http://47.97.114.24:5230/explore,/explore,"{'User-Agent': 'python-requests/2.32.3', 'Accept-Encoding': 'gzip, deflate, zstd', 'Accept': '*/*', 'Connection': 'keep-alive', 'Cookie': 'memos.access-token=eyJhbGciOiJIUzI1NiIsImtpZCI6InYxIiwidHlwIjoiSldUIn0.eyJuYW1lIjoidXNlckEiLCJpc3MiOiJtZW1vcyIsInN1YiI6IjIiLCJhdWQiOlsidXNlci5hY2Nlc3MtdG9rZW4iXSwiZXhwIjoxNzQwNjYwMTI0LCJpYXQiOjE3NDAwNTUzMjR9.2OB-4lmvM_mrE9mBXpOcMpaBq6d2Ma7b3N6SXT7gkDo', 'Content-Length': '2', 'Content-Type': 'application/json'}",,2,909,200,29.057,0,0,True,True
4,60,2025-02-20 12:42:09,GET,http://47.97.114.24:5230/api/v1/memo/all?limit=20,/api/v1/memo/all,"{'User-Agent': 'python-requests/2.32.3', 'Accept-Encoding': 'gzip, deflate, zstd', 'Accept': '*/*', 'Connection': 'keep-alive', 'Cookie': 'memos.access-token=eyJhbGciOiJIUzI1NiIsImtpZCI6InYxIiwidHlwIjoiSldUIn0.eyJuYW1lIjoidXNlckEiLCJpc3MiOiJtZW1vcyIsInN1YiI6IjIiLCJhdWQiOlsidXNlci5hY2Nlc3MtdG9rZW4iXSwiZXhwIjoxNzQwNjYwMTI0LCJpYXQiOjE3NDAwNTUzMjR9.2OB-4lmvM_mrE9mBXpOcMpaBq6d2Ma7b3N6SXT7gkDo', 'Content-Length': '2', 'Content-Type': 'application/json'}",,2,7582,200,31.124,0,0,True,True
4,61,2025-02-20 12:42:09,GET,http://47.97.114.24:5230/api/v1/memo?creatorUsername=userB&rowStatus=NORMAL&limit=20,/api/v1/memo,"{'User-Agent': 'python-requests/2.32.3', 'Accept-Encoding': 'gzip, deflate, zstd', 'Accept': '*/*', 'Connection': 'keep-alive', 'Cookie': 'memos.access-token=eyJhbGciOiJIUzI1NiIsImtpZCI6InYxIiwidHlwIjoiSldUIn0.eyJuYW1lIjoidXNlckEiLCJpc3MiOiJtZW1vcyIsInN1YiI6IjIiLCJhdWQiOlsidXNlci5hY2Nlc3MtdG9rZW4iXSwiZXhwIjoxNzQwNjYwMTI0LCJpYXQiOjE3NDAwNTUzMjR9.2OB-4lmvM_mrE9mBXpOcMpaBq6d2Ma7b3N6SXT7gkDo', 'Content-Length': '2', 'Content-Type': 'application/json'}",,2,2001,200,28.566000000000003,0,0,True,True
4,62,2025-02-20 12:42:09,POST,http://47.97.114.24:5230/api/v1/memo,/api/v1/memo,"{'User-Agent': 'python-requests/2.32.3', 'Accept-Encoding': 'gzip, deflate, zstd', 'Accept': '*/*', 'Connection': 'keep-alive', 'Cookie': 'memos.access-token=eyJhbGciOiJIUzI1NiIsImtpZCI6InYxIiwidHlwIjoiSldUIn0.eyJuYW1lIjoidXNlckEiLCJpc3MiOiJtZW1vcyIsInN1YiI6IjIiLCJhdWQiOlsidXNlci5hY2Nlc3MtdG9rZW4iXSwiZXhwIjoxNzQwNjYwMTI0LCJpYXQiOjE3NDAwNTUzMjR9.2OB-4lmvM_mrE9mBXpOcMpaBq6d2Ma7b3N6SXT7gkDo', 'Content-Length': '84', 'Content-Type': 'application/json'}","{'content': 'B1', 'visibility': 'PRIVATE', 'resourceIdList': [], 'relationList': []}",84,308,200,37.138,0,0,True,True
4,63,2025-02-20 12:42:09,POST,http://47.97.114.24:5230/api/v1/tag,/api/v1/tag,"{'User-Agent': 'python-requests/2.32.3', 'Accept-Encoding': 'gzip, deflate, zstd', 'Accept': '*/*', 'Connection': 'keep-alive', 'Cookie': 'memos.access-token=eyJhbGciOiJIUzI1NiIsImtpZCI6InYxIiwidHlwIjoiSldUIn0.eyJuYW1lIjoidXNlckEiLCJpc3MiOiJtZW1vcyIsInN1YiI6IjIiLCJhdWQiOlsidXNlci5hY2Nlc3MtdG9rZW4iXSwiZXhwIjoxNzQwNjYwMTI0LCJpYXQiOjE3NDAwNTUzMjR9.2OB-4lmvM_mrE9mBXpOcMpaBq6d2Ma7b3N6SXT7gkDo', 'Content-Length': '17', 'Content-Type': 'application/json'}",{'name': 'fesfd'},17,8,200,35.357,0,0,True,True
4,64,2025-02-20 12:42:09,POST,http://47.97.114.24:5230/api/v1/user/setting,/api/v1/user/setting,"{'User-Agent': 'python-requests/2.32.3', 'Accept-Encoding': 'gzip, deflate, zstd', 'Accept': '*/*', 'Connection': 'keep-alive', 'Cookie': 'memos.access-token=eyJhbGciOiJIUzI1NiIsImtpZCI6InYxIiwidHlwIjoiSldUIn0.eyJuYW1lIjoidXNlckEiLCJpc3MiOiJtZW1vcyIsInN1YiI6IjIiLCJhdWQiOlsidXNlci5hY2Nlc3MtdG9rZW4iXSwiZXhwIjoxNzQwNjYwMTI0LCJpYXQiOjE3NDAwNTUzMjR9.2OB-4lmvM_mrE9mBXpOcMpaBq6d2Ma7b3N6SXT7gkDo', 'Content-Length': '42', 'Content-Type': 'application/json'}","{'key': 'appearance', 'value': '""dark""'}",40,64,200,30.450000000000003,0,0,True,True
4,65,2025-02-20 12:42:09,GET,http://47.97.114.24:5230/review,/review,"{'User-Agent': 'python-requests/2.32.3', 'Accept-Encoding': 'gzip, deflate, zstd', 'Accept': '*/*', 'Connection': 'keep-alive', 'Cookie': 'memos.access-token=eyJhbGciOiJIUzI1NiIsImtpZCI6InYxIiwidHlwIjoiSldUIn0.eyJuYW1lIjoidXNlckEiLCJpc3MiOiJtZW1vcyIsInN1YiI6IjIiLCJhdWQiOlsidXNlci5hY2Nlc3MtdG9rZW4iXSwiZXhwIjoxNzQwNjYwMTI0LCJpYXQiOjE3NDAwNTUzMjR9.2OB-4lmvM_mrE9mBXpOcMpaBq6d2Ma7b3N6SXT7gkDo', 'Content-Length': '2', 'Content-Type': 'application/json'}",,2,909,200,27.223,0,0,True,True
4,66,2025-02-20 12:42:09,GET,http://47.97.114.24:5230/resources,/resources,"{'User-Agent': 'python-requests/2.32.3', 'Accept-Encoding': 'gzip, deflate, zstd', 'Accept': '*/*', 'Connection': 'keep-alive', 'Cookie': 'memos.access-token=eyJhbGciOiJIUzI1NiIsImtpZCI6InYxIiwidHlwIjoiSldUIn0.eyJuYW1lIjoidXNlckEiLCJpc3MiOiJtZW1vcyIsInN1YiI6IjIiLCJhdWQiOlsidXNlci5hY2Nlc3MtdG9rZW4iXSwiZXhwIjoxNzQwNjYwMTI0LCJpYXQiOjE3NDAwNTUzMjR9.2OB-4lmvM_mrE9mBXpOcMpaBq6d2Ma7b3N6SXT7gkDo', 'Content-Length': '2', 'Content-Type': 'application/json'}",,2,909,200,29.308,0,0,True,True
4,67,2025-02-20 12:42:09,GET,http://47.97.114.24:5230/api/v1/resource?limit=20,/api/v1/resource,"{'User-Agent': 'python-requests/2.32.3', 'Accept-Encoding': 'gzip, deflate, zstd', 'Accept': '*/*', 'Connection': 'keep-alive', 'Cookie': 'memos.access-token=eyJhbGciOiJIUzI1NiIsImtpZCI6InYxIiwidHlwIjoiSldUIn0.eyJuYW1lIjoidXNlckEiLCJpc3MiOiJtZW1vcyIsInN1YiI6IjIiLCJhdWQiOlsidXNlci5hY2Nlc3MtdG9rZW4iXSwiZXhwIjoxNzQwNjYwMTI0LCJpYXQiOjE3NDAwNTUzMjR9.2OB-4lmvM_mrE9mBXpOcMpaBq6d2Ma7b3N6SXT7gkDo', 'Content-Length': '2', 'Content-Type': 'application/json'}",,2,1104,200,30.799,0,0,True,True
4,68,2025-02-20 12:42:09,POST,http://47.97.114.24:5230/api/v1/resource,/api/v1/resource,"{'User-Agent': 'python-requests/2.32.3', 'Accept-Encoding': 'gzip, deflate, zstd', 'Accept': '*/*', 'Connection': 'keep-alive', 'Cookie': 'memos.access-token=eyJhbGciOiJIUzI1NiIsImtpZCI6InYxIiwidHlwIjoiSldUIn0.eyJuYW1lIjoidXNlckEiLCJpc3MiOiJtZW1vcyIsInN1YiI6IjIiLCJhdWQiOlsidXNlci5hY2Nlc3MtdG9rZW4iXSwiZXhwIjoxNzQwNjYwMTI0LCJpYXQiOjE3NDAwNTUzMjR9.2OB-4lmvM_mrE9mBXpOcMpaBq6d2Ma7b3N6SXT7gkDo', 'Content-Length': '84', 'Content-Type': 'application/json'}","{'filename': 'aa', 'externalLink': None, 'type': 'image/*', 'downloadToLocal': None}",84,188,200,36.168,0,0,True,True
4,69,2025-02-20 12:42:09,GET,http://47.97.114.24:5230/u/userA,/u/userA,"{'User-Agent': 'python-requests/2.32.3', 'Accept-Encoding': 'gzip, deflate, zstd', 'Accept': '*/*', 'Connection': 'keep-alive', 'Cookie': 'memos.access-token=eyJhbGciOiJIUzI1NiIsImtpZCI6InYxIiwidHlwIjoiSldUIn0.eyJuYW1lIjoidXNlckEiLCJpc3MiOiJtZW1vcyIsInN1YiI6IjIiLCJhdWQiOlsidXNlci5hY2Nlc3MtdG9rZW4iXSwiZXhwIjoxNzQwNjYwMTI0LCJpYXQiOjE3NDAwNTUzMjR9.2OB-4lmvM_mrE9mBXpOcMpaBq6d2Ma7b3N6SXT7gkDo', 'Content-Length': '2', 'Content-Type': 'application/json'}",,2,909,200,35.443000000000005,0,1,True,True
4,70,2025-02-20 12:42:09,GET,http://47.97.114.24:5230/api/v1/memo/17,/api/v1/memo/17,"{'User-Agent': 'python-requests/2.32.3', 'Accept-Encoding': 'gzip, deflate, zstd', 'Accept': '*/*', 'Connection': 'keep-alive', 'Cookie': 'memos.access-token=eyJhbGciOiJIUzI1NiIsImtpZCI6InYxIiwidHlwIjoiSldUIn0.eyJuYW1lIjoidXNlckEiLCJpc3MiOiJtZW1vcyIsInN1YiI6IjIiLCJhdWQiOlsidXNlci5hY2Nlc3MtdG9rZW4iXSwiZXhwIjoxNzQwNjYwMTI0LCJpYXQiOjE3NDAwNTUzMjR9.2OB-4lmvM_mrE9mBXpOcMpaBq6d2Ma7b3N6SXT7gkDo', 'Content-Length': '2', 'Content-Type': 'application/json'}",,2,328,200,29.492,0,1,True,True
